1;http://cancer.stanford.edu/profiles/viewImage?facultyId=24596&type=bigger&showNoImage=true&lastModified=1405984148000
4;http://cancer.stanford.edu/profiles/viewImage?facultyId=9558&type=bigger&showNoImage=true&lastModified=1405984148000
5;http://cancer.stanford.edu/profiles/viewImage?facultyId=6161&type=bigger&showNoImage=true&lastModified=1405984148000
6;http://cancer.stanford.edu/profiles/viewImage?facultyId=3848&type=bigger&showNoImage=true&lastModified=1405984148000
7;http://cancer.stanford.edu/profiles/viewImage?facultyId=10515&type=bigger&showNoImage=true&lastModified=1405984148000
9;http://cancer.stanford.edu/profiles/viewImage?facultyId=3889&type=bigger&showNoImage=true&lastModified=1405984148000
10;http://cancer.stanford.edu/profiles/viewImage?facultyId=18330&type=bigger&showNoImage=true&lastModified=1405984148000
11;http://cancer.stanford.edu/profiles/viewImage?facultyId=4658&type=bigger&showNoImage=true&lastModified=1405984148000
12;http://cancer.stanford.edu/profiles/viewImage?facultyId=29864&type=bigger&showNoImage=true&lastModified=1405984148000
13;http://cancer.stanford.edu/profiles/viewImage?facultyId=6178&type=bigger&showNoImage=true&lastModified=1405984148000
14;http://cancer.stanford.edu/profiles/viewImage?facultyId=4665&type=bigger&showNoImage=true&lastModified=1405984148000
16;http://cancer.stanford.edu/profiles/viewImage?facultyId=35073&type=bigger&showNoImage=true&lastModified=1405984148000
17;http://cancer.stanford.edu/profiles/viewImage?facultyId=49162&type=bigger&showNoImage=true&lastModified=1405984148000
18;http://cancer.stanford.edu/profiles/viewImage?facultyId=8169&type=bigger&showNoImage=true&lastModified=1405984148000
19;http://cancer.stanford.edu/profiles/viewImage?facultyId=8238&type=bigger&showNoImage=true&lastModified=1405984148000
20;http://cancer.stanford.edu/profiles/viewImage?facultyId=6089&type=bigger&showNoImage=true&lastModified=1405984148000
21;http://cancer.stanford.edu/profiles/viewImage?facultyId=4735&type=bigger&showNoImage=true&lastModified=1405984148000
25;http://cancer.stanford.edu/profiles/viewImage?facultyId=3864&type=bigger&showNoImage=true&lastModified=1406026801000
27;http://cancer.stanford.edu/profiles/viewImage?facultyId=7864&type=bigger&showNoImage=true&lastModified=1405984148000
28;http://cancer.stanford.edu/profiles/viewImage?facultyId=8044&type=bigger&showNoImage=true&lastModified=1405984148000
29;http://cancer.stanford.edu/profiles/viewImage?facultyId=4695&type=bigger&showNoImage=true&lastModified=1405984148000
30;http://cancer.stanford.edu/profiles/viewImage?facultyId=3986&type=bigger&showNoImage=true&lastModified=1405984148000
31;http://cancer.stanford.edu/profiles/viewImage?facultyId=9248&type=bigger&showNoImage=true&lastModified=1405984148000
33;http://cancer.stanford.edu/profiles/viewImage?facultyId=33563&type=bigger&showNoImage=true&lastModified=1405984148000
35;http://cancer.stanford.edu/profiles/viewImage?facultyId=38924&type=bigger&showNoImage=true&lastModified=1405984148000
37;http://cancer.stanford.edu/profiles/viewImage?facultyId=7543&type=bigger&showNoImage=true&lastModified=1405984148000
38;http://cancer.stanford.edu/profiles/viewImage?facultyId=4331&type=bigger&showNoImage=true&lastModified=1405984148000
42;http://cancer.stanford.edu/profiles/viewImage?facultyId=6696&type=bigger&showNoImage=true&lastModified=1405984148000
43;http://cancer.stanford.edu/profiles/viewImage?facultyId=4041&type=bigger&showNoImage=true&lastModified=1405984148000
46;http://cancer.stanford.edu/profiles/viewImage?facultyId=4347&type=bigger&showNoImage=true&lastModified=1405984148000
47;http://cancer.stanford.edu/profiles/viewImage?facultyId=4318&type=bigger&showNoImage=true&lastModified=1405984148000
49;http://cancer.stanford.edu/profiles/viewImage?facultyId=4626&type=bigger&showNoImage=true&lastModified=1405984148000
50;http://cancer.stanford.edu/profiles/viewImage?facultyId=8428&type=bigger&showNoImage=true&lastModified=1405984148000
52;http://cancer.stanford.edu/profiles/viewImage?facultyId=10439&type=bigger&showNoImage=true&lastModified=1405984148000
54;http://cancer.stanford.edu/profiles/viewImage?facultyId=4496&type=bigger&showNoImage=true&lastModified=1405984148000
55;http://cancer.stanford.edu/profiles/viewImage?facultyId=6053&type=bigger&showNoImage=true&lastModified=1405984148000
57;http://cancer.stanford.edu/profiles/viewImage?facultyId=8597&type=bigger&showNoImage=true&lastModified=1405984148000
59;http://cancer.stanford.edu/profiles/viewImage?facultyId=4275&type=bigger&showNoImage=true&lastModified=1405984148000
61;http://cancer.stanford.edu/profiles/viewImage?facultyId=5887&type=bigger&showNoImage=true&lastModified=1405984148000
62;http://cancer.stanford.edu/profiles/viewImage?facultyId=4572&type=bigger&showNoImage=true&lastModified=1405984148000
63;http://cancer.stanford.edu/profiles/viewImage?facultyId=3950&type=bigger&showNoImage=true&lastModified=1405984148000
64;http://cancer.stanford.edu/profiles/viewImage?facultyId=49160&type=bigger&showNoImage=true&lastModified=1405984148000
65;http://cancer.stanford.edu/profiles/viewImage?facultyId=6162&type=bigger&showNoImage=true&lastModified=1405984148000
66;http://cancer.stanford.edu/profiles/viewImage?facultyId=11680&type=bigger&showNoImage=true&lastModified=1405984148000
67;http://cancer.stanford.edu/profiles/viewImage?facultyId=4683&type=bigger&showNoImage=true&lastModified=1405984148000
68;http://cancer.stanford.edu/profiles/viewImage?facultyId=18715&type=bigger&showNoImage=true&lastModified=1405984148000
68;http://cancer.stanford.edu/profiles/viewImage?facultyId=18715&type=bigger&showNoImage=true&lastModified=1405984148000
69;http://cancer.stanford.edu/profiles/viewImage?facultyId=8622&type=bigger&showNoImage=true&lastModified=1405984148000
69;http://cancer.stanford.edu/profiles/viewImage?facultyId=8622&type=bigger&showNoImage=true&lastModified=1405984148000
70;http://cancer.stanford.edu/profiles/viewImage?facultyId=4686&type=bigger&showNoImage=true&lastModified=1405984148000
71;http://cancer.stanford.edu/profiles/viewImage?facultyId=35074&type=bigger&showNoImage=true&lastModified=1405984148000
72;http://cancer.stanford.edu/profiles/viewImage?facultyId=24354&type=bigger&showNoImage=true&lastModified=1405984148000
75;http://cancer.stanford.edu/profiles/viewImage?facultyId=4729&type=bigger&showNoImage=true&lastModified=1405984148000
76;http://cancer.stanford.edu/profiles/viewImage?facultyId=6035&type=bigger&showNoImage=true&lastModified=1405984148000
80;http://cancer.stanford.edu/profiles/viewImage?facultyId=4546&type=bigger&showNoImage=true&lastModified=1405984148000
81;http://cancer.stanford.edu/profiles/viewImage?facultyId=4003&type=bigger&showNoImage=true&lastModified=1405984148000
83;http://cancer.stanford.edu/profiles/viewImage?facultyId=37946&type=bigger&showNoImage=true&lastModified=1405984148000
84;http://cancer.stanford.edu/profiles/viewImage?facultyId=4150&type=bigger&showNoImage=true&lastModified=1405984148000
86;http://cancer.stanford.edu/profiles/viewImage?facultyId=10057&type=bigger&showNoImage=true&lastModified=1405984148000
87;http://cancer.stanford.edu/profiles/viewImage?facultyId=6984&type=bigger&showNoImage=true&lastModified=1405984148000
89;http://cancer.stanford.edu/profiles/viewImage?facultyId=18188&type=bigger&showNoImage=true&lastModified=1405984148000
90;http://cancer.stanford.edu/profiles/viewImage?facultyId=6839&type=bigger&showNoImage=true&lastModified=1405984148000
92;http://cancer.stanford.edu/profiles/viewImage?facultyId=8339&type=bigger&showNoImage=true&lastModified=1405984148000
94;http://cancer.stanford.edu/profiles/viewImage?facultyId=15802&type=bigger&showNoImage=true&lastModified=1405984148000
96;http://cancer.stanford.edu/profiles/viewImage?facultyId=4473&type=bigger&showNoImage=true&lastModified=1405984148000
98;http://cancer.stanford.edu/profiles/viewImage?facultyId=11928&type=bigger&showNoImage=true&lastModified=1405984148000
99;http://cancer.stanford.edu/profiles/viewImage?facultyId=4185&type=bigger&showNoImage=true&lastModified=1405984148000
100;http://cancer.stanford.edu/profiles/viewImage?facultyId=7743&type=bigger&showNoImage=true&lastModified=1405984148000
103;http://cancer.stanford.edu/profiles/viewImage?facultyId=18327&type=bigger&showNoImage=true&lastModified=1405984148000
104;http://cancer.stanford.edu/profiles/viewImage?facultyId=7064&type=bigger&showNoImage=true&lastModified=1405984148000
106;http://cancer.stanford.edu/profiles/viewImage?facultyId=24394&type=bigger&showNoImage=true&lastModified=1405984148000
108;http://cancer.stanford.edu/profiles/viewImage?facultyId=19045&type=bigger&showNoImage=true&lastModified=1405984148000
109;http://cancer.stanford.edu/profiles/viewImage?facultyId=4138&type=bigger&showNoImage=true&lastModified=1405984148000
111;http://cancer.stanford.edu/profiles/viewImage?facultyId=3948&type=bigger&showNoImage=true&lastModified=1405984148000
112;http://cancer.stanford.edu/profiles/viewImage?facultyId=51677&type=bigger&showNoImage=true&lastModified=1405984148000
115;http://cancer.stanford.edu/profiles/viewImage?facultyId=5912&type=bigger&showNoImage=true&lastModified=1405984148000
116;http://cancer.stanford.edu/profiles/viewImage?facultyId=10070&type=bigger&showNoImage=true&lastModified=1405984148000
119;http://cancer.stanford.edu/profiles/viewImage?facultyId=4027&type=bigger&showNoImage=true&lastModified=1405984148000
120;http://cancer.stanford.edu/profiles/viewImage?facultyId=14355&type=bigger&showNoImage=true&lastModified=1405984148000
122;http://cancer.stanford.edu/profiles/viewImage?facultyId=18721&type=bigger&showNoImage=true&lastModified=1405984148000
125;http://cancer.stanford.edu/profiles/viewImage?facultyId=51497&type=bigger&showNoImage=true&lastModified=1405984148000
126;http://cancer.stanford.edu/profiles/viewImage?facultyId=8444&type=bigger&showNoImage=true&lastModified=1405984148000
127;http://cancer.stanford.edu/profiles/viewImage?facultyId=10885&type=bigger&showNoImage=true&lastModified=1405984148000
128;http://cancer.stanford.edu/profiles/viewImage?facultyId=4127&type=bigger&showNoImage=true&lastModified=1405984148000
129;http://cancer.stanford.edu/profiles/viewImage?facultyId=12139&type=bigger&showNoImage=true&lastModified=1405984148000
130;http://cancer.stanford.edu/profiles/viewImage?facultyId=6277&type=bigger&showNoImage=true&lastModified=1405984148000
131;http://cancer.stanford.edu/profiles/viewImage?facultyId=3886&type=bigger&showNoImage=true&lastModified=1405984148000
132;http://cancer.stanford.edu/profiles/viewImage?facultyId=8535&type=bigger&showNoImage=true&lastModified=1405984148000
134;http://cancer.stanford.edu/profiles/viewImage?facultyId=8561&type=bigger&showNoImage=true&lastModified=1405984148000
137;http://cancer.stanford.edu/profiles/viewImage?facultyId=32891&type=bigger&showNoImage=true&lastModified=1405984148000
139;http://cancer.stanford.edu/profiles/viewImage?facultyId=4206&type=bigger&showNoImage=true&lastModified=1405984148000
140;http://cancer.stanford.edu/profiles/viewImage?facultyId=6967&type=bigger&showNoImage=true&lastModified=1405984148000
141;http://cancer.stanford.edu/profiles/viewImage?facultyId=49148&type=bigger&showNoImage=true&lastModified=1405984148000
144;http://cancer.stanford.edu/profiles/viewImage?facultyId=4528&type=bigger&showNoImage=true&lastModified=1405984148000
145;http://cancer.stanford.edu/profiles/viewImage?facultyId=4058&type=bigger&showNoImage=true&lastModified=1405984148000
146;http://cancer.stanford.edu/profiles/viewImage?facultyId=40232&type=bigger&showNoImage=true&lastModified=1405984148000
147;http://cancer.stanford.edu/profiles/viewImage?facultyId=8588&type=bigger&showNoImage=true&lastModified=1405984148000
148;http://cancer.stanford.edu/profiles/viewImage?facultyId=4215&type=bigger&showNoImage=true&lastModified=1406026801000
149;http://cancer.stanford.edu/profiles/viewImage?facultyId=4714&type=bigger&showNoImage=true&lastModified=1405984148000
151;http://cancer.stanford.edu/profiles/viewImage?facultyId=8521&type=bigger&showNoImage=true&lastModified=1405984148000
152;http://cancer.stanford.edu/profiles/viewImage?facultyId=4119&type=bigger&showNoImage=true&lastModified=1405984148000
154;http://cancer.stanford.edu/profiles/viewImage?facultyId=8513&type=bigger&showNoImage=true&lastModified=1405984148000
155;http://cancer.stanford.edu/profiles/viewImage?facultyId=6058&type=bigger&showNoImage=true&lastModified=1405984148000
156;http://cancer.stanford.edu/profiles/viewImage?facultyId=4337&type=bigger&showNoImage=true&lastModified=1405984148000
157;http://cancer.stanford.edu/profiles/viewImage?facultyId=3835&type=bigger&showNoImage=true&lastModified=1405984148000
158;http://cancer.stanford.edu/profiles/viewImage?facultyId=5871&type=bigger&showNoImage=true&lastModified=1405984148000
160;http://cancer.stanford.edu/profiles/viewImage?facultyId=15751&type=bigger&showNoImage=true&lastModified=1405984148000
161;http://cancer.stanford.edu/profiles/viewImage?facultyId=4440&type=bigger&showNoImage=true&lastModified=1405984148000
162;http://cancer.stanford.edu/profiles/viewImage?facultyId=4024&type=bigger&showNoImage=true&lastModified=1405984148000
